<?xml version="1.0" encoding="ISO-8859-1"?>
<KLAUSURTERMINE Blockung="Blockung (23.04.2024)" Blockgruppe="Jahrgang Q1" Jahr="2023" Abschnitt="2"><KLAUSURTERMIN Bez="Klausurtermin" Abiturtermin="false" OhneFacharbeit="false"><KLAUSURSCHIENE Bez="Klausur1" Datum="30.12.1899" VonStd="0" BisStd="0" Zusatztermin="false"/><KLAUSURSCHIENE Bez="Klausur2" Datum="30.12.1899" VonStd="0" BisStd="0" Zusatztermin="false"/><KLAUSURSCHIENE Bez="Klausur3" Datum="30.12.1899" VonStd="0" BisStd="0" Zusatztermin="false"/><KLAUSURSCHIENE Bez="Klausur4" Datum="30.12.1899" VonStd="0" BisStd="0" Zusatztermin="false"/><KLAUSURSCHIENE Bez="Klausur5" Datum="30.12.1899" VonStd="0" BisStd="0" Zusatztermin="false"/><KLAUSURSCHIENE Bez="Klausur6" Datum="30.12.1899" VonStd="0" BisStd="0" Zusatztermin="false"/><KLAUSURSCHIENE Bez="Klausur7" Datum="30.12.1899" VonStd="0" BisStd="0" Zusatztermin="false"/><KLAUSURSCHIENE Bez="Klausur8" Datum="30.12.1899" VonStd="0" BisStd="0" Zusatztermin="false"/><KLAUSURSCHIENE Bez="Klausur9" Datum="30.12.1899" VonStd="0" BisStd="0" Zusatztermin="false"/><KLAUSURSCHIENE Bez="Klausur10" Datum="30.12.1899" VonStd="0" BisStd="0" Zusatztermin="false"/><KLAUSURSCHIENE Bez="Klausur11" Datum="30.12.1899" VonStd="0" BisStd="0" Zusatztermin="false"/><KLAUSURSCHIENE Bez="Klausur12" Datum="30.12.1899" VonStd="0" BisStd="0" Zusatztermin="false"/></KLAUSURTERMIN></KLAUSURTERMINE>
