[{"id" : 16,"kuerzel" : "216","beschreibung" : "Klassenraum","groesse" : 30},{"id" : 3,"kuerzel" : "BI-24","beschreibung" : "Fachraum Biologie","groesse" : 30},{"id" : 4,"kuerzel" : "BI-25","beschreibung" : "Fachraum Biologie","groesse" : 30},{"id" : 5,"kuerzel" : "BI-26","beschreibung" : "Fachraum Biologie","groesse" : 30},{"id" : 9,"kuerzel" : "CH-114","beschreibung" : "Fachraum Chemie","groesse" : 30},{"id" : 10,"kuerzel" : "CH-116","beschreibung" : "Fachraum Chemie","groesse" : 28},{"id" : 1,"kuerzel" : "IF1-208","beschreibung" : "Informatikraum 2 te Etage","groesse" : 26},{"id" : 2,"kuerzel" : "IF2-309","beschreibung" : "Informatikraum 3 te Etage","groesse" : 28},{"id" : 11,"kuerzel" : "KU-01","beschreibung" : "Fachraum Kunst","groesse" : 34},{"id" : 12,"kuerzel" : "KU-02","beschreibung" : "Fachraum Kunst","groesse" : 30},{"id" : 6,"kuerzel" : "PH-03","beschreibung" : "Fachraum Physik","groesse" : 30},{"id" : 7,"kuerzel" : "PH-04","beschreibung" : "Fachraum Physik","groesse" : 30},{"id" : 8,"kuerzel" : "PH-05","beschreibung" : "Fachraum Physik (Hörsaal)","groesse" : 39},{"id" : 13,"kuerzel" : "SP1","beschreibung" : "Sporthalle 1","groesse" : 45},{"id" : 14,"kuerzel" : "SP2","beschreibung" : "Sporthalle 2","groesse" : 45},{"id" : 15,"kuerzel" : "SP3","beschreibung" : "Sportohalle 3 (Neue Halle)","groesse" : 45}]